date,India,France,Africa,US,China,UK,Red Cross,GOP,WHO,UN,left wing,right wing,communist,socialist,republican(US),democrat(US),labour(UK),conservative(UK),ICU,vaccination,maoist,christian,muslim,islamic,ministry of justice,ministry of health,senate,congress,woman,rebel,native,prime minister,chief,mayor,Xi Jinping,Donald Trump,Joe Biden,Emmanuel Macron,Narendra Modi,Vladimir Putin,global health,public health,one health,decolonization in health policy,decolonization
201304,0,0.03125,0.081081081,0.0375,0.060606061,0.380952381,0.307692308,0.142857143,0.125,0.428571429,0.333333333,0.333333333,0.482142857,0.235294118,0.032258065,0.032258065,0.064516129,0.075949367,0.025316456,0.020408163,0.078431373,0.615384615,0.090909091,0.111111111,1,0,0.063829787,0.275862069,0,0.285714286,0.095890411,0,0.5,0.2,0.040816327,0.005025126,0,0,0.010309278,0.010309278,0.169014085,0.178082192,0.034090909,0,0.03293623
201305,0.133333333,0.078125,0.054054054,0.0375,0.015151515,0.380952381,0.461538462,0.120879121,0.125,0.380952381,0.166666667,0.111111111,0.375,0.117647059,0.010752688,0.010752688,0.032258065,0.050632911,0.025316456,0,0.843137255,0.538461538,0.181818182,0.222222222,0.837209302,0,0.042553191,0.206896552,0.04,0.142857143,0.082191781,0,0.5,0.333333333,0.020408163,0.005025126,0,0,0,0,0.056338028,0.164383562,0.011363636,0,0.023826209
201306,0.244444444,0.09375,0,0.025,0,0.333333333,0.307692308,0.131868132,0.053571429,0.285714286,0,0,0.196428571,0.058823529,0.021505376,0.021505376,0.021505376,0.025316456,0.012658228,0.020408163,0.392156863,0.5,0.090909091,0.222222222,0.651162791,0,0.042553191,0.137931034,0.04,0.142857143,0.04109589,0,0.5,0.133333333,0.081632653,0,0,0,0.020618557,0.041237113,0,0.123287671,0.022727273,0,0.081289418
201307,0.177777778,0.234375,0.027027027,0.0125,0,0.380952381,0.230769231,0.10989011,0.035714286,0.166666667,0,0,0,0,0.010752688,0.010752688,0.021505376,0,0.012658228,0,0.156862745,0.692307692,0.454545455,0.555555556,0.813953488,0,0.010638298,0.137931034,0.08,0.142857143,0,0,0.5,0.133333333,0.010204082,0,0,0,0.030927835,0,0.070422535,0.136986301,0.034090909,0,0.126138753
201308,0.311111111,0.015625,0.135135135,0.025,0.03030303,0.476190476,0.153846154,0.120879121,0.107142857,0.238095238,0.166666667,0.111111111,0.053571429,0,0.010752688,0.010752688,0.021505376,0,0.012658228,0,0.098039216,0.769230769,0.272727273,0.222222222,0.627906977,0,0,0.103448276,0.08,0.142857143,0.068493151,0,0.5,0.2,0,0,0,0,0.041237113,0.010309278,0.098591549,0.164383562,0.034090909,0,0.204625088
201309,0.155555556,0.03125,0.243243243,0.0375,0.03030303,0.380952381,0.153846154,0.153846154,0.107142857,0.5,0.166666667,0.111111111,0.178571429,0.117647059,0.032258065,0.032258065,0.096774194,0.050632911,0.025316456,0,0.117647059,0.692307692,0.181818182,0.222222222,0.604651163,0,0.074468085,0.413793103,0,0.142857143,0.136986301,0.111111111,0.5,0.266666667,0.020408163,0,0,0,0.092783505,0.041237113,0.211267606,0.205479452,0.022727273,0,0.134548003
201310,0.111111111,0.015625,0.243243243,0.0625,0.045454545,0.476190476,0.153846154,0.252747253,0.107142857,0.595238095,0.333333333,0.222222222,0.285714286,0.176470588,0.139784946,0.139784946,0.043010753,0.063291139,0.063291139,0.020408163,0.196078431,0.692307692,0.181818182,0.222222222,0.720930233,0,0.085106383,0.689655172,0.06,0.142857143,0.219178082,0,0.5,0.266666667,0.020408163,0,0,0,0.051546392,0,0.154929577,0.191780822,0.079545455,0,0.203924317
201311,0.044444444,0.046875,0.243243243,0.025,0.03030303,0.380952381,0.461538462,0.153846154,0.178571429,0.333333333,0.166666667,0.111111111,0.285714286,0.176470588,0.043010753,0.043010753,0.021505376,0.037974684,0.025316456,0.020408163,0.941176471,0.576923077,0,0.222222222,0.534883721,0,0.031914894,0.275862069,0.04,0.142857143,0.191780822,0,0.333333333,0.533333333,0.020408163,0,0,0,0.051546392,0,0.169014085,0.164383562,0,0,0.147161878
201312,0.222222222,0.03125,0.108108108,0.0125,0.03030303,0.333333333,0.153846154,0.153846154,0.232142857,0.19047619,0.166666667,0.111111111,0.25,0.117647059,0.021505376,0.021505376,0,0.012658228,0,0,0.215686275,0.692307692,0.090909091,0.222222222,0.441860465,0,0.010638298,0.24137931,0.18,0.285714286,0.01369863,0.333333333,0.333333333,0.066666667,0.020408163,0,0,0,0.051546392,0.020618557,0.056338028,0.068493151,0.011363636,0,0.120532586
201401,0.2,0.046875,0.243243243,0.025,0.045454545,0.428571429,0.153846154,0.175824176,0.142857143,0.261904762,0.166666667,0,0.232142857,0.117647059,0.053763441,0.053763441,0.021505376,0.025316456,0.037974684,0.020408163,0.098039216,0.807692308,0.090909091,0.222222222,0.744186047,0,0.021276596,0.344827586,0.22,0.142857143,0.02739726,0.333333333,0.333333333,0.133333333,0.020408163,0,0,0,0.051546392,0.010309278,0.211267606,0.150684932,0.056818182,0,0.128241065
201402,0.155555556,0.046875,0.189189189,0.075,0.045454545,0.428571429,0.230769231,0.153846154,0.142857143,0.404761905,0.166666667,0.111111111,0.339285714,0.176470588,0.043010753,0.043010753,0.021505376,0.037974684,0.050632911,0,0.058823529,0.730769231,0.090909091,0.222222222,0.813953488,0,0.042553191,0.413793103,0.22,0,0.082191781,0.111111111,0.333333333,0.2,0.010204082,0,0,0,0.06185567,0.06185567,0.253521127,0.164383562,0.056818182,0,0.251576734
201403,0.155555556,0.046875,0.162162162,0.0375,0.045454545,0.333333333,0.230769231,0.142857143,0.089285714,0.452380952,0.166666667,0.111111111,0.446428571,0.176470588,0.032258065,0.032258065,0.043010753,0.025316456,0.037974684,0.020408163,0.215686275,0.692307692,0.181818182,0.222222222,0.674418605,0,0.042553191,0.379310345,0.2,0,0.095890411,0.111111111,0.5,0.2,0.06122449,0,0,0,0.082474227,0.175257732,0.183098592,0.150684932,0.045454545,0,0.192711983
201404,0.155555556,0.03125,0.27027027,0.0375,0.015151515,0.428571429,0.230769231,0.153846154,0.142857143,0.357142857,0.166666667,0.111111111,0.392857143,0.117647059,0.032258065,0.032258065,0.032258065,0.025316456,0.063291139,0.020408163,0.176470588,0.538461538,0.181818182,0.111111111,0.720930233,0,0.042553191,0.379310345,0.3,0,0.068493151,0.111111111,0.5,0.133333333,0.020408163,0.005025126,0,0,0.216494845,0.06185567,0.197183099,0.164383562,0.068181818,0,0.213034338
201405,0.377777778,0.078125,0.162162162,0.0375,0.136363636,0.285714286,0.230769231,0.153846154,0.142857143,0.404761905,0.166666667,0.222222222,0.446428571,0.176470588,0.032258065,0.032258065,0.129032258,0.088607595,0.050632911,0.020408163,0.098039216,0.5,0.272727273,0.222222222,0.627906977,0,0.031914894,0.310344828,0.32,0.142857143,0.082191781,0.222222222,0.333333333,0.266666667,0.020408163,0.005025126,0,0,0.515463918,0.051546392,0.070422535,0.150684932,0.068181818,0,0.220742817
201406,0.311111111,0.203125,0.054054054,0.0875,0,0.380952381,0.153846154,0.164835165,0.089285714,0.30952381,0,0.111111111,0.160714286,0.058823529,0.032258065,0.032258065,0.021505376,0.025316456,0.037974684,0.020408163,0.078431373,0.346153846,0.454545455,0.444444444,0.651162791,0,0.021276596,0.172413793,0.26,0,0.04109589,0.111111111,0.333333333,0.133333333,0.010204082,0.005025126,0,0,0.144329897,0.030927835,0.070422535,0.123287671,0.056818182,0,0.196916608
201407,0.377777778,0.328125,0.324324324,0.0625,0.045454545,0.333333333,0.153846154,0.131868132,0.071428571,0.214285714,0,0.111111111,0.035714286,0.058823529,0.010752688,0.010752688,0.021505376,0,0.025316456,0,0.078431373,0.461538462,0.727272727,0.555555556,0.837209302,0,0.010638298,0.103448276,0.26,0,0,0.111111111,0.333333333,0.133333333,0.030612245,0.005025126,0,0,0.072164948,0.06185567,0.084507042,0.123287671,0.079545455,0,0.286615277
201408,0.377777778,0,0.243243243,0.0375,0.015151515,0.285714286,0.153846154,0.120879121,0.089285714,0.19047619,0,0.111111111,0.071428571,0,0.021505376,0.021505376,0.010752688,0,0.025316456,0,0.078431373,0.576923077,0.363636364,0.444444444,0.581395349,0,0,0.137931034,0.26,0,0.04109589,0.111111111,0.5,0.133333333,0.020408163,0.005025126,0,0.085427136,0.103092784,0.051546392,0.070422535,0.164383562,0.113636364,0,0.276103714
201409,0.311111111,0.046875,0.432432432,0.05,0.03030303,0.333333333,0.153846154,0.142857143,0.107142857,0.571428571,0.166666667,0.111111111,0.232142857,0.176470588,0.021505376,0.021505376,0.107526882,0.088607595,0.088607595,0.020408163,0.117647059,0.461538462,0.363636364,0.444444444,0.744186047,0,0.031914894,0.310344828,0.16,0,0.164383562,0.111111111,0.333333333,0.2,0.071428571,0.005025126,0,0.025125628,0.216494845,0.041237113,0.183098592,0.205479452,0.068181818,0,0.268395235
201410,0.333333333,0.046875,0.351351351,0.0375,0.015151515,0.380952381,0.153846154,0.153846154,0.160714286,0.595238095,0.166666667,0.111111111,0.357142857,0.117647059,0.053763441,0.053763441,0.053763441,0.075949367,0.037974684,0.020408163,0.019607843,0.538461538,0.363636364,0.555555556,0.697674419,0,0.095744681,0.379310345,0.26,0,0.232876712,0.111111111,0.5,0.333333333,0.030612245,0,0.005025126,0.015075377,0.12371134,0.051546392,0.197183099,0.205479452,0.090909091,0,0.398738612
201411,0.333333333,0.015625,0.108108108,0.025,0.015151515,0.380952381,0.153846154,0.230769231,0.160714286,0.380952381,0.166666667,0.111111111,0.267857143,0.176470588,0.150537634,0.150537634,0.064516129,0.050632911,0.063291139,0.020408163,0.058823529,0.5,0.272727273,0.333333333,0.627906977,0,0.244680851,0.413793103,0.16,0.142857143,0.164383562,0.111111111,1,0.4,0.091836735,0,0,0.005025126,0.113402062,0.06185567,0.183098592,0.164383562,0.022727273,0,0.334267694
201412,0.288888889,0.03125,0.27027027,0.025,0.015151515,0.238095238,0.076923077,0.197802198,0.178571429,0.214285714,0.166666667,0.111111111,0.214285714,0.117647059,0.032258065,0.032258065,0.021505376,0.012658228,0.012658228,0,0.274509804,0.5,0.363636364,0.333333333,0.418604651,0,0.031914894,0.172413793,0.2,0.285714286,0.02739726,0,0.5,0.2,0.040816327,0,0,0.015075377,0.072164948,0.082474227,0.056338028,0.068493151,0.045454545,0,0.290819902
201501,0.311111111,0.171875,0.324324324,0.025,0.03030303,0.333333333,0.153846154,0.186813187,0.160714286,0.285714286,0.333333333,0.222222222,0.267857143,0.058823529,0.043010753,0.043010753,0.053763441,0.050632911,0.037974684,0.020408163,0.196078431,0.538461538,0.727272727,0.333333333,0.604651163,0,0.010638298,0.24137931,0.36,0.142857143,0.054794521,0.111111111,0.333333333,0.133333333,0.030612245,0.005025126,0.005025126,0.005025126,0.092783505,0.051546392,0.211267606,0.123287671,0.056818182,0,0.229152067
201502,0.244444444,0.0625,0.297297297,0.0375,0.03030303,0.285714286,0.153846154,0.142857143,0.196428571,0.404761905,0.166666667,0.111111111,0.285714286,0.117647059,0.032258065,0.032258065,0.064516129,0.063291139,0.050632911,0.040816327,0.117647059,0.807692308,0.545454545,0.444444444,0.558139535,0,0.021276596,0.275862069,0.28,0.142857143,0.068493151,0.111111111,0.5,0.2,0.030612245,0.005025126,0.005025126,0.015075377,0.072164948,0.092783505,0.183098592,0.150684932,0.068181818,1,0.467414156
201503,0.244444444,0.09375,0.351351351,0.0375,0,0.285714286,0.153846154,0.142857143,0.142857143,0.357142857,0.166666667,0.111111111,0.357142857,0.176470588,0.043010753,0.043010753,0.107526882,0.113924051,0.075949367,0.020408163,0.039215686,0.653846154,0.454545455,0.333333333,0.697674419,0,0.042553191,0.379310345,0.22,0.142857143,0.095890411,0.111111111,0.333333333,0.266666667,0.030612245,0.005025126,0.005025126,0.025125628,0.041237113,0.144329897,0.183098592,0.164383562,0.136363636,1,0.569726699
201504,0.266666667,0.03125,0.243243243,0.0375,0.045454545,0.19047619,0.230769231,0.153846154,0.160714286,0.404761905,0.333333333,0.222222222,0.446428571,0.176470588,0.053763441,0.053763441,0.344086022,0.329113924,0.101265823,0.020408163,0.117647059,0.5,0.363636364,0.333333333,0.488372093,0,0.031914894,0.206896552,0.3,0.142857143,0.123287671,0.111111111,0.333333333,0.333333333,0.040816327,0.005025126,0,0.005025126,0.051546392,0.06185567,0.14084507,0.150684932,0.102272727,1,0.448493343
201505,0.377777778,0.03125,0.135135135,0.025,0.015151515,0.285714286,0.230769231,0.153846154,0.214285714,0.357142857,0.5,0.333333333,0.446428571,0.235294118,0.043010753,0.043010753,0.752688172,0.911392405,0.063291139,0.020408163,0.274509804,0.5,0.454545455,0.333333333,0.488372093,0,0.021276596,0.137931034,0.26,0.285714286,0.123287671,0.111111111,0.166666667,0.2,0.030612245,0.005025126,0.005025126,0.005025126,0.072164948,0.041237113,0.112676056,0.123287671,0.079545455,1,0.466713385
201506,0.333333333,0.0625,0.108108108,0.0375,0.03030303,0.238095238,0.230769231,0.175824176,0.089285714,0.261904762,0.166666667,0.111111111,0.160714286,0.117647059,0.064516129,0.064516129,0.086021505,0.037974684,0.063291139,0.020408163,0.098039216,0.5,0.727272727,0.555555556,0.651162791,0,0.021276596,0.068965517,0.3,0.285714286,0.068493151,0.111111111,0.166666667,0.2,0.020408163,0.035175879,0.015075377,0.005025126,0.072164948,0.030927835,0.042253521,0.136986301,0.136363636,1,0.451296426
201507,0.355555556,0.25,0.081081081,0.0625,0.045454545,0.285714286,0.153846154,0.186813187,0.071428571,0.19047619,0.166666667,0.222222222,0.071428571,0.176470588,0.096774194,0.096774194,0.161290323,0.025316456,0.063291139,0.020408163,0.058823529,0.692307692,0.636363636,0.444444444,0.697674419,0,0,0.068965517,0.36,0.285714286,0.01369863,0.111111111,0.333333333,0.133333333,0.020408163,0.065326633,0,0.005025126,0.06185567,0.020618557,0.070422535,0.109589041,0.113636364,1,0.409250175
201508,0.422222222,0,0.27027027,0.025,0.136363636,0.19047619,0.076923077,0.604395604,0.107142857,0.142857143,0.166666667,0.111111111,0.107142857,0.352941176,0.451612903,0.451612903,0.301075269,0.025316456,0.063291139,0.020408163,0.019607843,0.538461538,0.272727273,0.222222222,0.511627907,0,0,0.068965517,0.26,0.142857143,0.082191781,0.111111111,0.333333333,0.133333333,0.020408163,0.095477387,0.015075377,0.005025126,0.082474227,0.020618557,0.084507042,0.150684932,0.102272727,0,0.395234758
201509,0.4,0.046875,0.324324324,0.05,0.075757576,0.19047619,0.153846154,0.450549451,0.25,0.666666667,0.5,0.333333333,0.267857143,0.411764706,0.35483871,0.35483871,0.494623656,0.101265823,0.063291139,0.020408163,0.039215686,0.5,0.545454545,0.333333333,0.558139535,0,0.021276596,0.379310345,0.24,0.142857143,0.191780822,0.222222222,0.333333333,0.2,0.163265306,0.075376884,0.015075377,0.005025126,0.113402062,0.06185567,0.211267606,0.191780822,0.090909091,0,0.388927821
201510,0.266666667,0.046875,0.432432432,0.0375,0.060606061,0.238095238,0.076923077,0.373626374,0.178571429,0.619047619,0.333333333,0.222222222,0.339285714,0.470588235,0.311827957,0.311827957,0.064516129,0.227848101,0.075949367,0.020408163,0.098039216,0.423076923,0.454545455,0.444444444,0.465116279,0,0.031914894,0.310344828,0.26,0.142857143,0.246575342,0.333333333,0.333333333,0.266666667,0.112244898,0.045226131,0.025125628,0.005025126,0.06185567,0.072164948,0.183098592,0.164383562,0.102272727,1,0.443587947
201511,0.2,0.328125,0.108108108,0.025,0.03030303,0.333333333,0.076923077,0.384615385,0.285714286,0.476190476,0.333333333,0.222222222,0.339285714,0.235294118,0.290322581,0.290322581,0.064516129,0.050632911,0.088607595,0.020408163,0.098039216,0.576923077,0.818181818,0.555555556,0.465116279,0,0.021276596,0.24137931,0.24,0.285714286,0.260273973,0.222222222,0.5,0.4,0.091836735,0.055276382,0,0.015075377,0.092783505,0.134020619,0.211267606,0.150684932,0.125,1,0.344779257
201512,0.222222222,0.046875,0.351351351,0,0.045454545,0.238095238,0.076923077,0.450549451,0.232142857,0.214285714,0.166666667,0.222222222,0.214285714,0.176470588,0.290322581,0.290322581,0.053763441,0.037974684,0.025316456,0,0.137254902,0.461538462,0.818181818,0.444444444,0.279069767,0,0.010638298,0.137931034,0.2,0.428571429,0.054794521,0.111111111,0.166666667,0.2,0.030612245,0.105527638,0,0.005025126,0.072164948,0.103092784,0.098591549,0.068493151,0.102272727,0,0.292922214
201601,0.2,0.03125,0.486486486,0.0375,0.090909091,0.380952381,0.076923077,0.43956044,0.232142857,0.30952381,0.333333333,0.222222222,0.303571429,0.411764706,0.35483871,0.35483871,0.043010753,0.037974684,0.063291139,0.020408163,0.137254902,0.538461538,0.545454545,0.222222222,0.302325581,0,0.021276596,0.24137931,0.22,0.285714286,0.082191781,0.111111111,0.166666667,0.2,0.040816327,0.095477387,0.005025126,0.015075377,0.051546392,0.051546392,0.267605634,0.109589041,0.125,0,0.389628591
201602,0.244444444,0.046875,0.486486486,0.05,0.090909091,0.285714286,0.076923077,0.714285714,0.25,0.404761905,0.333333333,0.222222222,0.339285714,1,0.774193548,0.774193548,0.053763441,0.075949367,0.101265823,0.020408163,0.078431373,0.423076923,0.454545455,0.222222222,0.395348837,0,0.063829787,0.379310345,0.18,0.285714286,0.150684932,0.111111111,0.333333333,0.2,0.030612245,0.175879397,0.005025126,0.005025126,0.051546392,0.041237113,0.197183099,0.150684932,0.102272727,1,0.647512263
201603,0.2,0.03125,0.486486486,0.05,0.060606061,0.238095238,0.076923077,1,0.196428571,0.452380952,0.5,0.222222222,0.517857143,0.823529412,1,1,0.043010753,0.075949367,0.101265823,0.020408163,0.098039216,0.423076923,0.545454545,0.222222222,0.441860465,0,0.053191489,0.24137931,0.36,0.142857143,0.136986301,0.111111111,0.166666667,0.266666667,0.030612245,0.306532663,0.005025126,0.005025126,0.041237113,0.030927835,0.225352113,0.164383562,0.136363636,1,0.590049054
201604,0.177777778,0.015625,0.486486486,0.025,0.060606061,0.238095238,0.076923077,0.461538462,0.214285714,0.452380952,0.166666667,0.111111111,0.571428571,0.470588235,0.397849462,0.397849462,0.064516129,0.050632911,0.088607595,0.020408163,0.078431373,0.307692308,0.454545455,0.222222222,0.325581395,0,0.042553191,0.275862069,0.22,0.142857143,0.178082192,0.111111111,0.166666667,0.266666667,0.040816327,0.145728643,0.005025126,0.045226131,0.041237113,0.041237113,0.197183099,0.150684932,0.193181818,1,0.556412053
201605,0.333333333,0.046875,0.405405405,0.05,0.075757576,0.238095238,0.307692308,0.318681319,0.178571429,0.404761905,0.333333333,0.222222222,0.589285714,0.352941176,0.279569892,0.279569892,0.096774194,0.063291139,0.075949367,0.020408163,0.098039216,0.346153846,0.636363636,0.333333333,0.348837209,0,0.031914894,0.206896552,0.28,0,0.178082192,0.111111111,0.166666667,0.533333333,0.030612245,0.165829146,0.005025126,0.015075377,0.06185567,0.030927835,0.126760563,0.136986301,0.147727273,1,0.641906097
201606,0.333333333,0.203125,0.27027027,0.075,0.03030303,0.619047619,0.230769231,0.230769231,0.125,0.285714286,0.5,0.333333333,0.25,0.235294118,0.139784946,0.139784946,0.430107527,0.164556962,0.088607595,0.020408163,0.058823529,0.269230769,1,0.666666667,0.372093023,0,0.053191489,0.206896552,0.22,0,0.109589041,0.222222222,0,0.266666667,0.020408163,0.165829146,0.005025126,0.015075377,0.092783505,0.020618557,0.070422535,0.136986301,0.147727273,1,0.610371409
201607,0.422222222,0.515625,0.297297297,0.0375,0.045454545,0.333333333,0.076923077,0.307692308,0.053571429,0.214285714,0.333333333,0.333333333,0.053571429,0.176470588,0.333333333,0.333333333,0.494623656,0.151898734,0.075949367,0.020408163,0.098039216,0.269230769,0.727272727,0.222222222,0.325581395,0,0.031914894,0.103448276,0.26,0,0.02739726,0.222222222,0.166666667,0.2,0.010204082,0.236180905,0.015075377,0.015075377,0.051546392,0.030927835,0.028169014,0.082191781,0.125,0,0.519271198
201608,0.511111111,0.03125,0.405405405,0.0625,0.075757576,0.238095238,0.153846154,0.175824176,0,0.214285714,0.166666667,0.111111111,0.107142857,0.058823529,0.096774194,0.096774194,0.11827957,0.012658228,0.075949367,0.020408163,0.078431373,0.346153846,0.545454545,0.222222222,0.372093023,0,0.021276596,0.068965517,0.2,0.142857143,0.109589041,0.111111111,0,0.266666667,0.010204082,0.236180905,0.005025126,0.035175879,0.072164948,0.030927835,0.084507042,0.109589041,0.136363636,0,0.435178697
201609,0.377777778,0,0.405405405,0.05,0.045454545,0.238095238,0.076923077,0.153846154,0.160714286,0.428571429,0.166666667,0.222222222,0.321428571,0.176470588,0.075268817,0.075268817,0.258064516,0.050632911,0.113924051,0.020408163,0.078431373,0.307692308,0.545454545,0.222222222,0.325581395,0,0.042553191,0.275862069,0.2,0,0.232876712,0.111111111,0.333333333,0.2,0.030612245,0.256281407,0.005025126,0.025125628,0.092783505,0.041237113,0.211267606,0.164383562,0.159090909,0,0.468815697
201610,0.333333333,0,0.486486486,0.05,0.075757576,0.238095238,0.153846154,0.263736264,0.232142857,0.619047619,0.333333333,0.222222222,0.303571429,0.176470588,0.225806452,0.225806452,0.053763441,0.088607595,0.113924051,0.020408163,0.215686275,0.346153846,0.454545455,0.333333333,0.348837209,0,0.106382979,0.379310345,0.24,0.142857143,0.260273973,0.111111111,0.333333333,0.2,0.040816327,0.477386935,0.005025126,0.015075377,0.072164948,0.072164948,0.197183099,0.150684932,0.113636364,0,0.411352488
201611,0.355555556,0.015625,0.378378378,0.3125,0.075757576,0.380952381,0.076923077,0.241758242,0.428571429,0.380952381,0.833333333,0.555555556,0.5,0.411764706,0.365591398,0.365591398,0.043010753,0.075949367,0.101265823,0.020408163,0.333333333,0.307692308,0.636363636,0.222222222,0.325581395,0,0.255319149,0.517241379,0.24,0.285714286,0.273972603,0.333333333,0.333333333,0.266666667,0.06122449,1,0.065326633,0.055276382,0.505154639,0.072164948,0.23943662,0.136986301,0.181818182,0,0.365802383
201612,0.422222222,0.09375,0.648648649,0.025,0.136363636,0.142857143,0.076923077,0.153846154,0.214285714,0.238095238,0.333333333,0.222222222,0.267857143,0.176470588,0.021505376,0.021505376,0.010752688,0.025316456,0.126582278,0,0.117647059,0.307692308,0.636363636,0.333333333,0.162790698,0,0.031914894,0.206896552,0.22,0.285714286,0.123287671,0.222222222,0.333333333,0.066666667,0.040816327,0.246231156,0.015075377,0.045226131,0.329896907,0.092783505,0.112676056,0.068493151,0.193181818,0,0.468815697
201701,0.355555556,0.171875,0.675675676,0.0625,0.181818182,0.333333333,0.076923077,0.208791209,0.267857143,0.261904762,0.5,0.333333333,0.339285714,0.235294118,0.107526882,0.107526882,0.043010753,0.050632911,0.139240506,0.020408163,0.098039216,0.461538462,0.909090909,0.222222222,0.372093023,0,0.106382979,0.482758621,0.26,0.142857143,0.123287671,0.222222222,0.5,0.133333333,0.06122449,0.688442211,0.045226131,0.065326633,0.154639175,0.06185567,0.267605634,0.136986301,0.227272727,1,0.518570427
201702,0.377777778,0.171875,0.513513514,0.0625,0.136363636,0.333333333,0.153846154,0.175824176,0.214285714,0.261904762,0.666666667,0.555555556,0.464285714,0.294117647,0.075268817,0.075268817,0.053763441,0.088607595,0.164556962,0.020408163,0.078431373,0.461538462,0.818181818,0.222222222,0.302325581,0,0.106382979,0.448275862,0.24,0.142857143,0.205479452,0.222222222,0.333333333,0.2,0.040816327,0.527638191,0.005025126,0.125628141,0.113402062,0.041237113,0.197183099,0.150684932,0.272727273,1,0.494043448
201703,0.288888889,0.15625,0.432432432,0.0375,0.151515152,0.333333333,0.076923077,0.197802198,0.178571429,0.333333333,0.5,0.333333333,0.482142857,0.235294118,0.086021505,0.086021505,0.053763441,0.075949367,0.17721519,0.020408163,0.215686275,0.307692308,0.636363636,0.222222222,0.534883721,0,0.074468085,0.586206897,0.34,0.285714286,0.178082192,0.111111111,0.5,0.266666667,0.040816327,0.306532663,0.005025126,0.135678392,0.113402062,0.041237113,0.23943662,0.191780822,0.340909091,1,0.686755431
201704,0.333333333,0.21875,0.513513514,0.0625,0.151515152,0.19047619,0.153846154,0.120879121,0.196428571,0.357142857,0.5,0.333333333,0.517857143,0.176470588,0.021505376,0.021505376,0.193548387,0.151898734,0.189873418,0.020408163,0.588235294,0.5,0.636363636,0.222222222,0.418604651,0,0.053191489,0.275862069,0.34,0.285714286,0.191780822,0.111111111,0.166666667,0.2,0.163265306,0.226130653,0,0.628140704,0.082474227,0.051546392,0.225352113,0.150684932,0.329545455,1,0.406447092
201705,0.488888889,0.28125,0.351351351,0.05,0.136363636,0.285714286,0.153846154,0.186813187,0.178571429,0.261904762,0.5,0.333333333,0.589285714,0.176470588,0.064516129,0.064516129,0.720430108,0.53164557,0.17721519,0.020408163,0.254901961,0.307692308,0.727272727,0.444444444,0.441860465,0,0.063829787,0.24137931,0.38,0.285714286,0.178082192,0.222222222,0.166666667,0.266666667,0.040816327,0.27638191,0.005025126,1,0.072164948,0.041237113,0.169014085,0.136986301,0.397727273,1,0.560616678
201706,0.511111111,0.1875,0.189189189,0.025,0.121212121,0.333333333,0.153846154,0.197802198,0.142857143,0.095238095,0.666666667,0.333333333,0.232142857,0.117647059,0.064516129,0.064516129,1,1,0.164556962,0.020408163,0.078431373,0.230769231,0.818181818,0.333333333,0.255813953,0,0.074468085,0.172413793,1,1,0.109589041,0.222222222,0.166666667,0.2,0.030612245,0.246231156,0.005025126,0.135678392,0.113402062,0.06185567,0.084507042,0.123287671,0.306818182,1,0.535388928
201707,0.688888889,0.453125,0.27027027,0.0375,0.151515152,0.333333333,0.076923077,0.153846154,0.178571429,0.023809524,0.166666667,0.111111111,0.142857143,0.117647059,0.053763441,0.053763441,0.053763441,0.037974684,0.164556962,0.020408163,0.058823529,0.269230769,0.545454545,0.111111111,0.511627907,0,0.074468085,0.137931034,0.56,0.428571429,0.068493151,0.111111111,0.166666667,0.133333333,0.112244898,0.236180905,0,0.145728643,0.113402062,0.051546392,0.070422535,0.095890411,0.340909091,1,0.548002803
201708,0.622222222,0.125,0.405405405,0.05,0.196969697,0.285714286,0.461538462,0.120879121,0.125,0.071428571,0.5,0.444444444,0.232142857,0.176470588,0.021505376,0.021505376,0.043010753,0.012658228,0.164556962,0.020408163,0.098039216,0.269230769,0.454545455,0.111111111,0.441860465,0,0.021276596,0.137931034,0.36,0.142857143,0.164383562,0.111111111,0.333333333,0.266666667,0.040816327,0.256281407,0,0.075376884,0.082474227,0.020618557,0.126760563,0.136986301,0.409090909,0,0.402943238
201709,0.444444444,0.15625,0.513513514,0.0625,0.166666667,0.285714286,1,0.153846154,0.196428571,0.595238095,0.333333333,0.333333333,0.375,0.176470588,0.021505376,0.021505376,0.107526882,0.063291139,0.17721519,0.020408163,0.058823529,0.307692308,0.636363636,0.333333333,0.302325581,0,0.053191489,0.275862069,0.34,0.285714286,0.232876712,0.222222222,0.333333333,0.266666667,0.06122449,0.206030151,0,0.065326633,0.103092784,0.030927835,0.183098592,0.164383562,0.375,0,0.435178697
201710,0.555555556,0.15625,0.621621622,0.05,0.151515152,0.285714286,0.307692308,0.142857143,0.232142857,0.452380952,0.333333333,0.222222222,0.482142857,0.176470588,0.043010753,0.043010753,0.075268817,0.088607595,0.202531646,0.020408163,0.058823529,0.307692308,0.363636364,0.111111111,0.372093023,0,0.053191489,0.413793103,0.34,0.142857143,0.328767123,0.111111111,0.166666667,0.333333333,0.214285714,0.226130653,0.005025126,0.065326633,0.072164948,0.041237113,0.211267606,0.219178082,0.375,1,0.449894884
201711,0.466666667,0.15625,0.351351351,0.025,0.181818182,0.285714286,0.076923077,0.208791209,0.196428571,0.261904762,0.333333333,0.222222222,0.482142857,0.176470588,0.075268817,0.075268817,0.064516129,0.063291139,0.151898734,0.020408163,0.078431373,0.346153846,0.454545455,0.111111111,0.418604651,0,0.117021277,0.310344828,0.3,0.285714286,0.342465753,0.111111111,0.166666667,0.333333333,0.112244898,0.195979899,0.015075377,0.055276382,0.072164948,0.030927835,0.267605634,0.150684932,0.340909091,0,0.42116328
201712,0.488888889,0.15625,0.486486486,0.025,0.136363636,0.19047619,0.076923077,0.274725275,0.196428571,0.380952381,0.333333333,0.222222222,0.303571429,0.117647059,0.086021505,0.086021505,0.032258065,0.037974684,0.126582278,0.020408163,0.078431373,0.307692308,0.454545455,0.111111111,0.162790698,0,0.340425532,0.344827586,0.24,0.714285714,0.123287671,0.222222222,0.166666667,0.2,0.06122449,0.206030151,0.005025126,0.095477387,0.082474227,0.051546392,0.098591549,0.04109589,0.284090909,0,0.341275403
201801,0.466666667,0.140625,0.621621622,0.05,0.181818182,0.238095238,0.076923077,0.164835165,0.142857143,0.142857143,0.166666667,0.222222222,0.339285714,0.176470588,0.043010753,0.043010753,0.053763441,0.050632911,0.164556962,0.020408163,0.039215686,0.269230769,0.363636364,0.111111111,0.465116279,0,0.063829787,0.310344828,0.26,0.285714286,0.136986301,0.222222222,0.333333333,0.133333333,0.051020408,0.236180905,0.005025126,0.055276382,0.06185567,0.030927835,0.211267606,0.164383562,0.352272727,1,0.423966363
201802,0.444444444,0.171875,0.594594595,0.075,0.181818182,0.142857143,0.076923077,0.131868132,0.232142857,0.214285714,0.333333333,0.222222222,0.464285714,0.176470588,0.043010753,0.043010753,0.053763441,0.063291139,0.17721519,0.020408163,0.078431373,0.346153846,0.363636364,0.111111111,0.441860465,0,0.053191489,0.413793103,0.2,0.142857143,0.164383562,0.222222222,0.166666667,0.2,0.12244898,0.175879397,0.005025126,0.035175879,0.103092784,0.030927835,0.225352113,0.123287671,0.352272727,1,0.498948844
201803,0.488888889,0.171875,0.405405405,0.0375,0.151515152,0.19047619,0.076923077,0.10989011,0.178571429,0.238095238,0.333333333,0.222222222,0.571428571,0.176470588,0.032258065,0.032258065,0.075268817,0.063291139,0.189873418,0.020408163,0.176470588,0.269230769,0.545454545,0.111111111,0.372093023,0,0.063829787,0.344827586,0.28,0.142857143,0.205479452,0.222222222,0.166666667,0.266666667,0.234693878,0.175879397,0.015075377,0.045226131,0.072164948,0.134020619,0.183098592,0.150684932,0.352272727,1,0.445690259
201804,0.377777778,0.125,0.378378378,0.05,0.181818182,0.19047619,0.076923077,0.10989011,0.214285714,0.357142857,0.333333333,0.222222222,0.535714286,0.176470588,0.021505376,0.021505376,0.075268817,0.063291139,0.17721519,0.020408163,0.137254902,0.230769231,0.636363636,0.222222222,0.255813953,0,0.042553191,0.344827586,0.22,0.142857143,0.287671233,0.111111111,0.166666667,0.266666667,0.112244898,0.195979899,0,0.125628141,0.092783505,0.051546392,0.169014085,0.123287671,0.386363636,1,0.42116328
201805,0.6,0.140625,0.351351351,0.05,0.166666667,0.19047619,0.153846154,0.120879121,0.232142857,0.238095238,0.166666667,0.111111111,0.535714286,0.117647059,0.021505376,0.021505376,0.075268817,0.050632911,0.189873418,0.020408163,0.137254902,0.192307692,0.636363636,0.333333333,0.395348837,0,0.053191489,0.344827586,0.18,0.142857143,0.260273973,0.222222222,0.166666667,0.266666667,0.071428571,0.165829146,0,0.065326633,0.134020619,0.041237113,0.126760563,0.123287671,0.375,1,0.466012614
201806,0.488888889,0.390625,0.243243243,0.0375,0.136363636,0.095238095,0.076923077,0.120879121,0.125,0.166666667,0.166666667,0.222222222,0.285714286,0.176470588,0.043010753,0.043010753,0.064516129,0.050632911,0.215189873,0.020408163,0.176470588,0.192307692,0.636363636,0.111111111,0.23255814,0,0.042553191,0.24137931,0.22,0.142857143,0.219178082,0.222222222,0.5,0.2,0.081632653,0.206030151,0,0.085427136,0.12371134,0.041237113,0.056338028,0.082191781,0.318181818,0,0.339873861
201807,0.6,0.6875,0.27027027,0.025,0.136363636,0.142857143,0.076923077,0.098901099,0.125,0,0.333333333,0.222222222,0.178571429,0.352941176,0.032258065,0.032258065,0.053763441,0.050632911,0.227848101,0.020408163,0.098039216,0.153846154,0.454545455,0,0.23255814,0,0.031914894,0.172413793,0.26,0,0.178082192,0.333333333,0.166666667,0.133333333,0.071428571,0.226130653,0,0.125628141,0.144329897,0.103092784,0.028169014,0.082191781,0.284090909,0,0.304134548
201808,0.666666667,0.125,0.378378378,0.025,0.212121212,0.19047619,0.076923077,0.10989011,0.142857143,0.095238095,0.333333333,0.222222222,0.25,0.352941176,0.053763441,0.053763441,0.043010753,0.037974684,0.227848101,0.020408163,0.235294118,0.192307692,0.545454545,0.222222222,0.395348837,0,0.053191489,0.172413793,0.3,0.142857143,0.356164384,0.444444444,0.333333333,0.133333333,0.091836735,0.206030151,0.005025126,0.055276382,0.18556701,0.020618557,0.098591549,0.109589041,0.340909091,0,0.320953048
201809,0.666666667,0.140625,0.405405405,0.0625,0.212121212,0.19047619,0.153846154,0.120879121,0.285714286,0.547619048,0.333333333,0.333333333,0.482142857,0.352941176,0.064516129,0.064516129,0.11827957,0.075949367,0.227848101,0.020408163,0.333333333,0.153846154,0.545454545,0.333333333,0.372093023,0,0.170212766,0.379310345,0.26,0,0.547945205,0.222222222,0.333333333,0.266666667,0.06122449,0.195979899,0.005025126,0.055276382,0.226804124,0.020618557,0.183098592,0.136986301,0.329545455,0,0.24807288
201810,0.688888889,0.140625,0.486486486,0.05,0.196969697,0.19047619,0.153846154,0.142857143,0.303571429,0.523809524,0.666666667,0.333333333,0.732142857,0.294117647,0.139784946,0.139784946,0.053763441,0.101265823,0.215189873,0.020408163,0.137254902,0.269230769,0.545454545,0.111111111,0.395348837,0,0.234042553,0.551724138,0.24,0,0.671232877,0.444444444,0.5,0.333333333,0.071428571,0.185929648,0.005025126,0.075376884,0.237113402,0.030927835,0.225352113,0.178082192,0.375,1,0.29712684
201811,0.533333333,0.140625,0.297297297,0.075,0.181818182,0.19047619,0.153846154,0.175824176,0.285714286,0.261904762,0.5,0.222222222,0.428571429,0.352941176,0.23655914,0.23655914,0.075268817,0.088607595,0.215189873,0.020408163,0.235294118,0.192307692,0.454545455,0.222222222,0.348837209,0,0.882978723,1,0.22,0.142857143,0.657534247,0.222222222,0.333333333,0.333333333,0.132653061,0.195979899,0.005025126,0.125628141,0.268041237,0.020618557,0.211267606,0.150684932,0.352272727,0,0.321653819
201812,0.577777778,0.15625,0.378378378,0.0125,0.151515152,0.095238095,0,0.120879121,0.25,0.19047619,0.333333333,0.222222222,0.303571429,0.176470588,0.021505376,0.021505376,0.043010753,0.075949367,0.189873418,0.020408163,0.058823529,0.192307692,0.454545455,0.111111111,0.139534884,0,0.042553191,0.586206897,0.2,0.285714286,0.452054795,0.222222222,0.333333333,0,0.153061224,0.195979899,0.005025126,0.185929648,0.329896907,0.041237113,0.056338028,0.02739726,0.181818182,0,0.28941836
201901,0.555555556,0.15625,0.459459459,0.05,0.181818182,0.19047619,0.076923077,0.120879121,0.232142857,0.142857143,0.333333333,0.333333333,0.339285714,0.294117647,0.053763441,0.053763441,0.075268817,0.075949367,0.240506329,0.020408163,0.019607843,0.346153846,0.363636364,0.222222222,0.395348837,0,0.063829787,0.482758621,0.24,0.142857143,0.630136986,0.555555556,0.5,0.133333333,0.102040816,0.226130653,0.005025126,0.095477387,0.298969072,0.030927835,0.23943662,0.095890411,0.193181818,0,0.388927821
201902,0.688888889,0.015625,0.405405405,0.025,0.136363636,0.142857143,0.076923077,0.076923077,0.321428571,0.333333333,0.333333333,0.333333333,0.5,0.882352941,0.064516129,0.064516129,0.193548387,0.063291139,0.202531646,0.020408163,0.137254902,0.307692308,0.454545455,0.222222222,0.372093023,0,0.063829787,0.517241379,0.14,0.142857143,0.479452055,0.222222222,0.333333333,0.266666667,0.091836735,0.195979899,0.005025126,0.045226131,0.371134021,0.020618557,0.197183099,0.082191781,0.113636364,1,0.362999299
201903,0.6,0.03125,0.243243243,0.025,0.075757576,0.19047619,0.076923077,0.065934066,0.267857143,0.333333333,0.5,0.444444444,0.517857143,0.470588235,0.043010753,0.043010753,0.096774194,0.088607595,0.202531646,0.020408163,0.215686275,0.423076923,0.727272727,0.222222222,0.279069767,0,0.053191489,0.551724138,0.2,0.285714286,0.465753425,0.333333333,0.333333333,0.266666667,0.173469388,0.145728643,0.015075377,0.055276382,0.422680412,0.010309278,0.197183099,0.095890411,0.113636364,1,0.412754029
201904,0.533333333,0.140625,0.324324324,0.025,0.121212121,0.047619048,0.076923077,0.065934066,0.285714286,0.19047619,0.333333333,0.222222222,0.589285714,0.411764706,0.010752688,0.010752688,0.096774194,0.088607595,0.240506329,0.020408163,0.254901961,0.269230769,0.636363636,0.333333333,0.23255814,0,0.021276596,0.655172414,0.14,0.142857143,0.465753425,0.222222222,0.166666667,0.333333333,0.081632653,0.125628141,0.065326633,0.075376884,0.567010309,0.020618557,0.154929577,0.123287671,0.181818182,1,0.504555011
201905,0.822222222,0.15625,0.459459459,0.05,0.151515152,0.19047619,0.153846154,0.087912088,0.232142857,0.238095238,0.333333333,0.333333333,0.517857143,0.294117647,0.010752688,0.010752688,0.225806452,0.151898734,0.316455696,0.020408163,0.294117647,0.192307692,0.727272727,0.666666667,0.279069767,0,0.063829787,0.620689655,0.1,0.142857143,0.424657534,0.444444444,0.166666667,0.333333333,0.112244898,0.135678392,0.025125628,0.045226131,1,0.020618557,0.126760563,0.136986301,0.215909091,1,0.467414156
201906,0.844444444,0.265625,0.621621622,0.0625,0.181818182,0.19047619,0.076923077,0.065934066,0.142857143,0.071428571,0.166666667,0.222222222,0.25,0.176470588,0.010752688,0.010752688,0.064516129,0.164556962,0.367088608,0.020408163,0.078431373,0.153846154,0.363636364,0.222222222,0.348837209,0,0.021276596,0.172413793,0.16,0.142857143,0.397260274,0.333333333,0.166666667,0.266666667,0.142857143,0.165829146,0.025125628,0.035175879,0.422680412,0.020618557,0.084507042,0.082191781,0.181818182,1,0.357393132
201907,0.733333333,0.421875,0.297297297,0.0625,0.136363636,0.19047619,0.076923077,0.054945055,0.142857143,0.071428571,0.333333333,0.222222222,0.125,0.176470588,0.021505376,0.021505376,0.086021505,0.101265823,0.303797468,0.020408163,0.058823529,0.076923077,0.363636364,0.222222222,0.418604651,0,0.010638298,0.275862069,0.12,0.142857143,0.328767123,0.444444444,0.166666667,0.2,0.081632653,0.165829146,0.015075377,0.035175879,0.257731959,0.020618557,0.084507042,0.068493151,0.147727273,0,0.386825508
201908,0.6,0.09375,0.459459459,0.0375,0.196969697,0.238095238,0.076923077,0.054945055,0.160714286,0.095238095,0.333333333,0.333333333,0.178571429,0.352941176,0.021505376,0.021505376,0.043010753,0.050632911,0.278481013,0.020408163,0.098039216,0.269230769,0.363636364,0.333333333,0.418604651,0,0.010638298,0.172413793,0.1,0.142857143,0.493150685,0.222222222,0.166666667,0.266666667,0.112244898,0.165829146,0.025125628,0.075376884,0.371134021,0.010309278,0.084507042,0.095890411,0.170454545,0,0.473020322
201909,0.688888889,0.15625,0.405405405,0.05,0.196969697,0.285714286,0.153846154,0.065934066,0.267857143,0.619047619,0.333333333,0.222222222,0.321428571,0.352941176,0.032258065,0.032258065,0.215053763,0.227848101,0.316455696,0.020408163,0.098039216,0.230769231,0.363636364,0.222222222,0.418604651,0,0.042553191,0.379310345,0.08,0.142857143,0.465753425,0.333333333,0.333333333,0.266666667,0.091836735,0.175879397,0.035175879,0.045226131,0.329896907,0.010309278,0.225352113,0.164383562,0.215909091,0,0.336370007
201910,0.533333333,0.15625,0.378378378,0.0375,0.212121212,0.142857143,0.076923077,0.065934066,0.25,0.404761905,0.333333333,0.222222222,0.410714286,0.294117647,0.064516129,0.064516129,0.150537634,0.227848101,0.253164557,0.020408163,0.117647059,0.230769231,0.272727273,0.111111111,0.372093023,0,0.042553191,0.551724138,0.18,0.142857143,0.698630137,0.333333333,0.333333333,0.4,0.316326531,0.206030151,0.025125628,0.035175879,0.226804124,0.020618557,0.197183099,0.150684932,0.238636364,1,0.323756132
201911,0.622222222,0.109375,0.243243243,0.025,0.151515152,0.238095238,0.076923077,0.087912088,0.285714286,0.214285714,0.333333333,0.222222222,0.482142857,0.352941176,0.064516129,0.064516129,0.709677419,0.392405063,0.253164557,0.020408163,0.196078431,0.230769231,0.272727273,0.222222222,0.302325581,0,0.053191489,0.344827586,0.14,0.142857143,0.643835616,0.222222222,0.5,0.333333333,0.153061224,0.206030151,0.015075377,0.035175879,0.18556701,0.010309278,0.225352113,0.123287671,0.193181818,0,0.288016819
201912,0.622222222,0.109375,0.405405405,0,0.166666667,0.238095238,0,0.076923077,0.267857143,0.071428571,0.5,0.333333333,0.339285714,0.294117647,0.075268817,0.075268817,1,0.82278481,0.189873418,0.020408163,0.078431373,0.153846154,0.545454545,0.111111111,0.139534884,0,0.14893617,0.310344828,0.1,0.285714286,0.410958904,0.444444444,0.333333333,0.133333333,0.102040816,0.246231156,0.025125628,0.045226131,0.195876289,0.030927835,0.056338028,0,0.102272727,0,0.370007008
202001,0.644444444,0.171875,0.432432432,0.075,0.5,0.19047619,0.230769231,0.076923077,0.392857143,0.214285714,0.333333333,0.222222222,0.339285714,0.294117647,0.075268817,0.075268817,0.301075269,0.050632911,0.202531646,0.020408163,0.039215686,0.192307692,0.454545455,0.222222222,0.395348837,0,0.127659574,0.344827586,0.1,0.142857143,0.424657534,0.333333333,0.5,0.133333333,0.142857143,0.236180905,0.015075377,0.045226131,0.154639175,0.051546392,0.309859155,0.136986301,0.170454545,0,0.25648213
202002,0.533333333,0.140625,0.675675676,0.0625,0.606060606,0.238095238,0.076923077,0.065934066,0.428571429,0.19047619,0.5,0.222222222,0.553571429,1,0.11827957,0.11827957,0.182795699,0.050632911,0.240506329,0.020408163,0.039215686,0.192307692,0.454545455,0.222222222,0.418604651,0.111111111,0.127659574,0.413793103,0.12,0.142857143,0.493150685,0.222222222,0.333333333,0.333333333,0.193877551,0.216080402,0.045226131,0.045226131,0.154639175,0.020618557,0.309859155,0.219178082,0.181818182,1,0.550805886
202003,0.955555556,0.40625,0.594594595,0.225,1,1,0.230769231,0.032967033,0.5,0.214285714,0.333333333,0.111111111,0.642857143,0.705882353,0.11827957,0.11827957,0.086021505,0.037974684,1,0.020408163,0.156862745,0.153846154,0.363636364,0.222222222,0.23255814,1,0.138297872,0.344827586,0.06,0,0.356164384,0.666666667,0.166666667,0.733333333,0.285714286,0.306532663,0.165829146,0.125628141,0.340206186,0.103092784,0.507042254,1,0.25,1,1
202004,0.955555556,0.296875,0.567567568,0.2,0.545454545,0.80952381,0.153846154,0,0.625,0.333333333,0.5,0.444444444,1,0.470588235,0.064516129,0.064516129,0.301075269,0.063291139,0.974683544,0.040816327,0.117647059,0.153846154,0.636363636,0.555555556,0,0.666666667,0.031914894,0.172413793,0.1,0.285714286,0.356164384,0.666666667,0.166666667,0.733333333,0.265306122,0.27638191,0.095477387,0.095477387,0.484536082,0.092783505,0.478873239,0.931506849,0.25,1,0.861247372
202005,0.8,0.21875,0.351351351,0.1375,0.393939394,0.857142857,0.076923077,0.032967033,0.535714286,0.30952381,0.5,0.444444444,0.785714286,0.352941176,0.075268817,0.075268817,0.11827957,0.075949367,0.481012658,0.020408163,0.117647059,0.076923077,0.545454545,0.555555556,0.069767442,0.333333333,0.095744681,0.24137931,0.2,0.428571429,0.383561644,0.333333333,0.166666667,0.866666667,0.204081633,0.226130653,0.085427136,0.055276382,0.278350515,0.041237113,0.295774648,0.410958904,0.159090909,1,0.580939033
202006,0.866666667,0.109375,0.108108108,0.125,0.454545455,0.571428571,0.076923077,0.076923077,0.410714286,0.30952381,1,1,0.678571429,0.470588235,0.150537634,0.150537634,0.086021505,0.088607595,0.46835443,0.020408163,0.196078431,0.153846154,0.363636364,0.222222222,0.348837209,0.222222222,0.127659574,0.172413793,0.18,0.285714286,0.493150685,0.222222222,0.666666667,1,0.183673469,0.386934673,0.095477387,0.055276382,0.175257732,0.030927835,0.23943662,0.397260274,0.261363636,1,0.409950946
202007,0.844444444,0.203125,0.189189189,0.0875,0.348484848,0.619047619,0.153846154,0.076923077,0.392857143,0.071428571,0.5,0.444444444,0.5,0.588235294,0.150537634,0.150537634,0.053763441,0.063291139,0.518987342,0.020408163,0.196078431,0.115384615,0.363636364,0.333333333,0.325581395,0.111111111,0.074468085,0.206896552,0.16,0.285714286,0.383561644,0.222222222,0.166666667,0.6,0.173469388,0.256281407,0.085427136,0.055276382,0.144329897,0.030927835,0.211267606,0.356164384,0.204545455,1,0.449194114
202008,0.755555556,0.1875,0.297297297,0.05,0.227272727,0.428571429,0.153846154,0.087912088,0.339285714,0,0.5,0.444444444,0.410714286,0.529411765,0.225806452,0.225806452,0.032258065,0.126582278,0.379746835,0.020408163,0.117647059,0.192307692,0.454545455,0.333333333,0.255813953,0.222222222,0.085106383,0.310344828,0.2,0.285714286,0.438356164,0.222222222,0.166666667,0.6,0.132653061,0.296482412,0.206030151,0.045226131,0.175257732,0.051546392,0.169014085,0.342465753,0.170454545,0,0.353889278
202009,0.688888889,0.390625,0.189189189,0.075,0.242424242,0.428571429,0.153846154,0.054945055,0.464285714,0.333333333,0.666666667,0.666666667,0.553571429,0.647058824,0.150537634,0.150537634,0.053763441,0.075949367,0.367088608,0.020408163,0.176470588,0.153846154,0.363636364,0.333333333,0.325581395,0.111111111,0.14893617,0.379310345,0.08,0.142857143,0.520547945,0.222222222,0.333333333,0.666666667,0.142857143,0.296482412,0.185929648,0.045226131,0.175257732,0.020618557,0.295774648,0.383561644,0.215909091,0,0.332165382
202010,0.666666667,0.359375,0.297297297,0.075,0.196969697,0.428571429,0.076923077,0.10989011,0.482142857,0.261904762,0.5,0.555555556,0.5,0.705882353,0.225806452,0.225806452,0.107526882,0.101265823,0.455696203,0.020408163,0.058823529,0.038461538,0.454545455,0.333333333,0.23255814,0.111111111,0.255319149,0.413793103,0.08,0.142857143,0.616438356,0.333333333,0.333333333,0.6,0.153061224,0.527638191,0.27638191,0.185929648,0.113402062,0.020618557,0.211267606,0.383561644,0.193181818,0,0.208829713
202011,0.511111111,0.25,0.216216216,1,0.121212121,0.428571429,0.076923077,0.252747253,1,0.142857143,0.5,0.555555556,0.535714286,0.941176471,0.419354839,0.419354839,0.064516129,0.101265823,0.481012658,0.040816327,0.117647059,0,0.636363636,0.111111111,0.279069767,0.111111111,0.829787234,0.379310345,0.04,0.142857143,0.438356164,0.444444444,0.166666667,0.6,0.153061224,0.949748744,1,0.105527638,0.092783505,0.051546392,0.126760563,0.301369863,0.25,0,0.175893483
202012,0.555555556,0.140625,0.243243243,0.05,0.166666667,0.523809524,0.076923077,0.10989011,0.428571429,0.119047619,0.333333333,0.222222222,0.464285714,0.352941176,0.086021505,0.086021505,0.032258065,0.037974684,0.594936709,0.081632653,0.078431373,0.038461538,0.454545455,0.222222222,0.139534884,0,0.244680851,0.379310345,0.46,0.285714286,0.328767123,0.333333333,0.166666667,0.4,0.132653061,0.246231156,0.095477387,0.115577889,0.092783505,0.041237113,0.070422535,0.219178082,0.147727273,1,0.442186405
202101,0.533333333,0.203125,0.27027027,0.0875,0.196969697,0.619047619,0.076923077,0.186813187,0.553571429,0.095238095,0.666666667,0.777777778,0.517857143,0.588235294,0.258064516,0.258064516,0.032258065,0.063291139,0.594936709,0.387755102,0,0.076923077,0.272727273,0.222222222,0.302325581,0.111111111,1,0.724137931,0.44,0.142857143,0.287671233,0.333333333,0.5,0.4,0.173469388,0.467336683,0.346733668,0.065326633,0.082474227,0.06185567,0.098591549,0.397260274,0.159090909,1,0.518570427
202102,0.533333333,0.140625,0.405405405,0.0375,0.212121212,0.428571429,0.076923077,0.120879121,0.464285714,0.214285714,0.333333333,0.222222222,0.375,0.352941176,0.129032258,0.129032258,0.032258065,0.037974684,0.417721519,0.367346939,0.039215686,0.076923077,0.363636364,0.333333333,0.441860465,0.111111111,0.117021277,0.24137931,0.14,0.142857143,0.301369863,0.222222222,0.166666667,0.533333333,0.12244898,0.135678392,0.095477387,0.045226131,0.092783505,0.020618557,0.183098592,0.328767123,0.215909091,1,0.444288718
202103,0.444444444,0.203125,0.324324324,0.025,0.136363636,0.476190476,0.076923077,0.032967033,0.428571429,0.214285714,0.333333333,0.222222222,0.482142857,0.294117647,0.032258065,0.032258065,0.043010753,0.050632911,0.582278481,0.612244898,0.058823529,0.038461538,0.363636364,0.333333333,0.348837209,0.111111111,0.117021277,0.206896552,0.18,0.142857143,0.328767123,0.222222222,0.166666667,0.666666667,0.112244898,0.065326633,0.095477387,0.065326633,0.113402062,0.020618557,0.14084507,0.397260274,0.227272727,1,0.409250175
202104,0.644444444,0.15625,0.324324324,0.025,0.181818182,0.380952381,0.076923077,0.010989011,0.375,0.166666667,0.333333333,0.222222222,0.589285714,0.235294118,0.021505376,0.021505376,0.043010753,0.037974684,0.708860759,0.816326531,1,0.038461538,0.545454545,0.555555556,0.255813953,0.111111111,0.021276596,0.103448276,0.14,0.285714286,0.342465753,0.222222222,0.166666667,0.6,0.12244898,0.045226131,0.065326633,0.055276382,0.164948454,0.041237113,0.338028169,0.342465753,0.193181818,1,0.377715487
202105,0.844444444,0.203125,0.216216216,0.0375,0.439393939,0.476190476,0.153846154,0.043956044,0.482142857,0.285714286,0.333333333,0.222222222,0.589285714,0.235294118,0.032258065,0.032258065,0.129032258,0.063291139,0.556962025,1,0.098039216,0.038461538,0.545454545,0.333333333,0.23255814,0.222222222,0.010638298,0.068965517,0.18,0.142857143,0.369863014,0.222222222,0.333333333,0.866666667,0.112244898,0.055276382,0.055276382,0.045226131,0.164948454,0.010309278,0.338028169,0.315068493,0.25,0,0.351786966
202106,0.711111111,0.46875,0.243243243,0.0375,0.212121212,0.380952381,0.076923077,0.032967033,0.357142857,0.166666667,0.166666667,0.222222222,0.410714286,0.117647059,0.010752688,0.010752688,0.021505376,0.012658228,0.379746835,0.775510204,0.078431373,1,0.363636364,0.222222222,0.302325581,0.222222222,0.010638298,0,0.06,0.142857143,0.438356164,0.222222222,0,0.6,0.112244898,0.055276382,0.055276382,0.115577889,0.092783505,0.041237113,0.098591549,0.301369863,0.238636364,0,0.311142256
202107,0.888888889,0.390625,0.189189189,0.075,0.212121212,0.476190476,0.076923077,0.010989011,0.339285714,0.023809524,0.166666667,0.111111111,0.357142857,0.235294118,0.010752688,0.010752688,0.032258065,0.012658228,0.455696203,0.93877551,0.078431373,0,0.272727273,0.333333333,0.209302326,0.222222222,0,0.034482759,0.12,0.142857143,0.328767123,0.222222222,0.333333333,0.333333333,0.163265306,0.055276382,0.045226131,0.075376884,0.082474227,0.010309278,0.042253521,0.328767123,0.193181818,1,0.361597758
202108,0.866666667,0.203125,0.378378378,0.075,0.227272727,0.476190476,0.076923077,0.010989011,0.375,0.071428571,0.166666667,0.222222222,0.303571429,0.176470588,0.021505376,0.021505376,0.010752688,0.037974684,0.544303797,0.836734694,0.058823529,0.076923077,0.363636364,0.555555556,0.11627907,0.333333333,0,0.034482759,0.1,0.142857143,0.356164384,0.222222222,0.166666667,0.4,0.12244898,0.055276382,0.085427136,0.045226131,0.082474227,0,0.070422535,0.287671233,0.227272727,0,0.316047652
202109,0.577777778,0.171875,0.432432432,0.0375,0.212121212,0.380952381,0.153846154,0.021978022,0.410714286,0.404761905,0.333333333,0.222222222,0.375,0.235294118,0.021505376,0.021505376,0.075268817,0.101265823,0.481012658,0.591836735,0.078431373,0.192307692,0.363636364,0.222222222,0.302325581,0.222222222,0.010638298,0.172413793,0.1,0.142857143,0.397260274,0.222222222,0.333333333,0.533333333,0.163265306,0.045226131,0.065326633,0.045226131,0.113402062,0.010309278,0.14084507,0.342465753,0.318181818,1,0.309039944
202110,0.511111111,0.171875,0.72972973,0.0375,0.242424242,0.333333333,0.076923077,0.021978022,0.375,0.238095238,0.166666667,0.222222222,0.339285714,0.235294118,0.010752688,0.010752688,0.043010753,0.063291139,0.392405063,0.510204082,0.137254902,0.076923077,0.272727273,0.333333333,0.139534884,0.333333333,0.021276596,0.172413793,0.1,0,0.410958904,0.222222222,0.166666667,0.533333333,0.163265306,0.045226131,0.065326633,0.035175879,0.06185567,0.010309278,0.169014085,0.287671233,0.386363636,1,0.368605466
202111,0.377777778,0.171875,0.432432432,0.025,0.212121212,0.380952381,0,0.021978022,0.392857143,0.238095238,0.166666667,0.222222222,0.446428571,0.176470588,0.032258065,0.032258065,0.043010753,0.037974684,0.594936709,0.591836735,0.117647059,0.038461538,0.272727273,0.222222222,0.11627907,0.333333333,0.031914894,0.103448276,0.08,0.142857143,0.397260274,0.111111111,0.166666667,0.666666667,0.244897959,0.035175879,0.085427136,0.055276382,0.06185567,0.010309278,0.154929577,0.246575342,0.431818182,0,0.318850736
202112,0.511111111,0.1875,0.810810811,0.025,0.166666667,0.428571429,0.076923077,0.010989011,0.446428571,0.238095238,0.166666667,0.111111111,0.357142857,0.176470588,0,0,0.043010753,0.050632911,0.544303797,0.653061224,0.039215686,0.115384615,0.363636364,0.333333333,0.11627907,0.222222222,0.021276596,0.068965517,0.1,0.285714286,0.219178082,0.222222222,0.333333333,0.333333333,0.163265306,0.045226131,0.055276382,0.065326633,0.082474227,0.041237113,0.084507042,0.273972603,0.431818182,1,0.341275403
202201,0.733333333,0.21875,0.756756757,0.05,0.227272727,0.285714286,0.153846154,0.021978022,0.535714286,0.214285714,0.333333333,0.222222222,0.446428571,0.294117647,0.010752688,0.010752688,0.064516129,0.063291139,0.620253165,0.510204082,0.098039216,0.153846154,0.272727273,0.444444444,0.418604651,0.222222222,0.042553191,0.206896552,0.18,0.142857143,0.273972603,0.333333333,0.5,0.466666667,0.163265306,0.045226131,0.045226131,0.065326633,0.12371134,0.06185567,0.225352113,0.438356164,0.443181818,1,0.319551507
202202,0.666666667,0.203125,1,0.1125,0.363636364,0.333333333,0.153846154,0.021978022,0.625,0.880952381,0.333333333,0.333333333,0.910714286,0.411764706,0.021505376,0.021505376,0.043010753,0.063291139,0.430379747,0.265306122,0.078431373,0.153846154,0.636363636,0.555555556,0.534883721,0.222222222,0.042553191,0.275862069,0.16,0.142857143,0.397260274,0.444444444,0.5,0.733333333,0.387755102,0.055276382,0.065326633,0.085427136,0.103092784,1,0.661971831,0.328767123,0.602272727,1,0.279607568
202203,0.688888889,0.21875,0.675675676,0.1125,0.303030303,0.285714286,0.307692308,0.021978022,0.553571429,1,0.333333333,0.222222222,0.928571429,0.411764706,0.021505376,0.021505376,0.032258065,0.037974684,0.392405063,0.163265306,0.078431373,0.153846154,0.636363636,0.666666667,0.558139535,0.111111111,0.063829787,0.413793103,0.14,0.142857143,0.424657534,0.444444444,0.666666667,0.8,0.326530612,0.045226131,0.075376884,0.115577889,0.113402062,0.917525773,1,0.342465753,0.602272727,1,0.299229152
202204,0.644444444,0.25,0.648648649,0.0625,0.212121212,0.142857143,0.153846154,0.021978022,0.607142857,0.571428571,0.333333333,0.333333333,0.732142857,0.352941176,0.032258065,0.032258065,0.075268817,0.075949367,0.303797468,0.142857143,0.235294118,0.192307692,0.909090909,1,0.395348837,0.111111111,0.063829787,0.310344828,0.14,0.142857143,0.410958904,0.444444444,0.5,0.533333333,0.173469388,0.035175879,0.045226131,0.326633166,0.072164948,0.288659794,0.450704225,0.315068493,0.670454545,0,0.157673441
202205,0.644444444,0.1875,0.459459459,0.075,0.196969697,0.142857143,0.076923077,0.054945055,0.625,0.547619048,0.333333333,0.222222222,0.714285714,0.294117647,0.075268817,0.075268817,0.182795699,0.113924051,0.291139241,0.12244898,0.058823529,0.076923077,0.545454545,0.444444444,0.348837209,0.111111111,0.14893617,0.310344828,0.1,0.428571429,0.383561644,0.333333333,0.333333333,0.666666667,0.234693878,0.035175879,0.045226131,0.075376884,0.082474227,0.237113402,0.225352113,0.315068493,0.897727273,0,0.234758234
202206,0.822222222,0.25,0.297297297,0.0625,0.181818182,0.142857143,0.076923077,0.065934066,0.5,0.30952381,0.333333333,0.222222222,0.410714286,0.176470588,0.064516129,0.064516129,0.064516129,0.050632911,0.303797468,0.12244898,0.078431373,0.192307692,0.545454545,0.555555556,0.488372093,0.111111111,0.063829787,0.206896552,0.08,0.285714286,0.328767123,0.222222222,0.333333333,0.533333333,0.112244898,0.035175879,0.055276382,0.065326633,0.092783505,0.134020619,0.14084507,0.246575342,0.875,0,0.220042046
202207,0.844444444,0.375,0.351351351,0.05,0.121212121,0.19047619,0.076923077,0.032967033,0.428571429,0.238095238,0.166666667,0.222222222,0.232142857,0.176470588,0.053763441,0.053763441,0.107526882,0.240506329,0.303797468,0.12244898,0.078431373,0.192307692,0.545454545,0.555555556,0.325581395,0,0.042553191,0.172413793,0.16,0.142857143,0.246575342,1,0.333333333,0.4,0.132653061,0.055276382,0.065326633,0.035175879,0.092783505,0.082474227,0.098591549,0.164383562,0.875,0,0.157673441
202208,1,0.125,0.459459459,0.05,0.257575758,0.142857143,0.076923077,0.043956044,0.339285714,0.214285714,0.166666667,0.222222222,0.339285714,0.235294118,0.053763441,0.053763441,0.032258065,0.037974684,0.341772152,0.102040816,0.019607843,0.153846154,0.454545455,0.666666667,0.465116279,0,0.063829787,0.24137931,0.14,0,0.424657534,0.555555556,0.333333333,0.466666667,0.173469388,0.075376884,0.045226131,0.035175879,0.103092784,0.072164948,0.14084507,0.246575342,0.795454545,0,0.235459005
202209,0.866666667,0.140625,0.594594595,0.05,0.196969697,0.238095238,0.076923077,0.021978022,0.553571429,0.476190476,0.333333333,0.333333333,0.553571429,0.294117647,0.032258065,0.032258065,0.129032258,0.113924051,0.35443038,0.102040816,0.039215686,0.153846154,0.454545455,0.555555556,0.348837209,0,0.053191489,0.344827586,0.14,0,0.438356164,0.888888889,0.5,0.533333333,1,0.055276382,0.055276382,0.045226131,0.144329897,0.226804124,0.197183099,0.232876712,0.875,0,0.169586545
202210,0.777777778,0.140625,0.702702703,0.075,0.166666667,0.238095238,0.076923077,0.032967033,0.535714286,0.619047619,0.333333333,0.333333333,0.928571429,0.235294118,0.053763441,0.053763441,0.150537634,0.265822785,0.443037975,0.081632653,0.019607843,0.192307692,0.545454545,0.555555556,0.23255814,0,0.138297872,0.448275862,0.18,0,0.506849315,1,0.333333333,0.666666667,0.642857143,0.045226131,0.045226131,0.045226131,0.082474227,0.195876289,0.23943662,0.205479452,1,0,0.17379117
202211,0.577777778,0.3125,0.486486486,0.15,0.181818182,0.142857143,0.076923077,0.10989011,0.660714286,0.428571429,0.333333333,0.222222222,0.625,0.235294118,0.215053763,0.215053763,0.043010753,0.037974684,0.341772152,0.06122449,0.058823529,0.115384615,0.454545455,0.555555556,0.279069767,0,0.829787234,0.551724138,0.12,0,1,0.555555556,0.5,0.666666667,0.459183673,0.075376884,0.045226131,0.035175879,0.072164948,0.082474227,0.661971831,0.191780822,0.886363636,0,0.180798879
202212,0.622222222,1,0.864864865,0.0625,0.212121212,0,0,0.021978022,0.553571429,0.214285714,0.333333333,0.222222222,0.357142857,0.176470588,0.010752688,0.010752688,0.010752688,0.012658228,0.265822785,0.06122449,0.058823529,0.153846154,0.636363636,0.555555556,0.162790698,0,0.117021277,0.275862069,0.08,0.142857143,0.246575342,0.333333333,0.333333333,0.333333333,0.173469388,0.045226131,0.025125628,0.085427136,0.154639175,0.092783505,0.126760563,0.095890411,0.534090909,0,0